prioridad;mensaje
C;Descubre nuevos artistas en la sección de tendencias.
B;¡Escucha tus canciones favoritas sin interrupciones! Pásate a Premium.
AAA;Oferta limitada: suscríbete hoy y obtén 2 meses gratis.
AAA;Explora nuevos géneros musicales que te encantarán.
B;Disfruta tus listas sin anuncios con una cuenta Premium.
AAA;Promoción especial: paga 1 mes y obtén el segundo gratis.
B;Sigue a tus artistas favoritos para no perderte sus nuevos lanzamientos.
B;Activa la calidad HD y vive la música con más detalle.
AAA;Suscríbete a Premium y obtén acceso anticipado a estrenos exclusivos.
C;Descubre las canciones más escuchadas de tu país esta semana.
B;Convierte tu experiencia musical en ilimitada con Premium.
AAA;Solo por hoy: 3 meses de música sin anuncios por el precio de uno.
C;Crea y comparte tus propias listas con tus amigos.
B;No interrumpas el ritmo, escucha sin pausas con Premium.
AAA;Disfruta acceso exclusivo a eventos en vivo de tus artistas favoritos.
B;Descubre podcasts originales y programas exclusivos.
AAA;Con Premium, descarga tu música y escúchala sin conexión.
AAA;Gana recompensas por escuchar tus géneros favoritos esta semana.
C;Actualiza tu perfil y recibe recomendaciones más precisas.
AAA;Elimina los límites, escucha lo que quieras cuando quieras.
AAA;¡Oferta especial para nuevos usuarios! Tres meses Premium gratis.
